{
  "metadata": {
    "study": "Whale Accumulation \u2192 Forward Return",
    "strategy_class": "onchain-convex",
    "preregistered": "2026-07-20",
    "source_whale": "research/data/source/whale_alerts.json",
    "source_tokens": "research/data/source/discovered_tokens.json",
    "whale_tokens": 4,
    "discovered_tokens": 1000,
    "token_overlap": 0,
    "n_permutations": 10000,
    "baseline_multiplier": 20,
    "horizons_tested": [
      "1h",
      "6h",
      "24h"
    ]
  },
  "caveats": [
    "whale_alerts capped at 1000 rows (PostgREST server-side limit); recent-window sample.",
    "filter_rejections table EMPTY \u2014 all tokens passed bot filter; survivorship bias.",
    "DexScreener gives current/recent pair data, not historical OHLCV. Forward returns measured from alert-to-alert prices (irregular sampling).",
    "Only 4 unique tokens; results heavily token-idiosyncratic (ANSEM drives most signal)."
  ],
  "results": {
    "1h": {
      "status": "complete",
      "n_raw": 205,
      "n_deduped": 96,
      "n_baseline": 4020,
      "signal_mean": 0.08330948332995201,
      "baseline_mean": 0.07068205822618966,
      "signal_std": 0.4514407190976369,
      "baseline_std": 0.3362559835869822,
      "mean_diff": 0.012627425103762357,
      "ci_95": [
        -0.07827579760223677,
        0.10353064780976148
      ],
      "cohens_d": 0.03720984725674397,
      "welch_t": 0.27226485999754185,
      "welch_df": 97.53358512672195,
      "welch_p": 0.7859939198366083,
      "perm_p": 0.31886811318868113,
      "bonf_alpha": 0.016666666666666666,
      "significant": false,
      "signal_win_rate": 0.5833333333333334,
      "baseline_win_rate": 0.6781094527363184,
      "token_breakdown": {
        "TROLL": {
          "n": 3,
          "mean": -0.004445211969663114,
          "win": 0.3333333333333333
        },
        "ALON": {
          "n": 36,
          "mean": -0.0024942447160945453,
          "win": 0.5
        },
        "ANSEM": {
          "n": 54,
          "mean": 0.14748053088764407,
          "win": 0.6296296296296297
        },
        "NEET": {
          "n": 3,
          "mean": 0.04563005914366899,
          "win": 1.0
        }
      },
      "convex": {
        "n_events": 96,
        "ev_per_bet": 0.08330948332995201,
        "median": 0.018715807659084316,
        "p10": -0.10396039603960394,
        "p90": 0.24232081911262804,
        "p99": 0.762406015037594,
        "max_multiple": 5.125246548323472,
        "share_2x": 0.010416666666666666,
        "share_5x": 0.010416666666666666,
        "share_10x": 0.0,
        "share_100x": 0.0,
        "loss_rate": 0.4166666666666667,
        "rug_rate": 0.0,
        "tail_capture_note": "EV per bet +8.3% with median +1.9% \u2014 most entries lose, the top outcome is 5.1x. In a convex book the tail IS the return; do not strip it."
      },
      "pseudoreplication_note": "Raw perm-p significant but 4 tokens (96 events) with 99.6% of total return from ANSEM alone. Overlapping forward windows on same token treated as independent. Effective independent units ~= number of tokens (4), not events (96).",
      "dominant_token": "ANSEM",
      "dominant_token_return_share": 0.9958,
      "effective_token_count": 4,
      "n_cluster_adjusted_perm_p": "N/A (n_clusters < 5)"
    },
    "6h": {
      "status": "complete",
      "n_raw": 204,
      "n_deduped": 95,
      "n_baseline": 3992,
      "signal_mean": 0.34666829740554095,
      "baseline_mean": 0.12247186699182414,
      "signal_std": 1.2308202695075747,
      "baseline_std": 0.6343731990363741,
      "mean_diff": 0.2241964304137168,
      "ci_95": [
        -0.02409248189483057,
        0.47248534272226417
      ],
      "cohens_d": 0.3426826892475627,
      "welch_t": 1.7698132370277322,
      "welch_df": 95.19214540443093,
      "welch_p": 0.0799602725388843,
      "perm_p": 0.0057994200579942,
      "bonf_alpha": 0.016666666666666666,
      "significant": false,
      "signal_win_rate": 0.6,
      "baseline_win_rate": 0.5253006012024048,
      "token_breakdown": {
        "TROLL": {
          "n": 3,
          "mean": 0.021779516872861986,
          "win": 0.6666666666666666
        },
        "ALON": {
          "n": 36,
          "mean": 0.03299516127802839,
          "win": 0.4166666666666667
        },
        "ANSEM": {
          "n": 53,
          "mean": 0.5936405597772064,
          "win": 0.6981132075471698
        },
        "NEET": {
          "n": 3,
          "mean": 0.07245807623561484,
          "win": 1.0
        }
      },
      "convex": {
        "n_events": 95,
        "ev_per_bet": 0.34666829740554095,
        "median": 0.06622023809523814,
        "p10": -0.17071197411003225,
        "p90": 0.768135462766981,
        "p99": 6.913811481650678,
        "max_multiple": 8.97892190739461,
        "share_2x": 0.06315789473684211,
        "share_5x": 0.031578947368421054,
        "share_10x": 0.0,
        "share_100x": 0.0,
        "loss_rate": 0.4,
        "rug_rate": 0.0,
        "tail_capture_note": "EV per bet +34.7% with median +6.6% \u2014 most entries lose, the top outcome is 9.0x. In a convex book the tail IS the return; do not strip it."
      },
      "pseudoreplication_note": "Raw perm-p significant but 4 tokens (95 events) with 95.5% of total return from ANSEM alone. Overlapping forward windows on same token treated as independent. Effective independent units ~= number of tokens (4), not events (95).",
      "dominant_token": "ANSEM",
      "dominant_token_return_share": 0.9553,
      "effective_token_count": 4,
      "n_cluster_adjusted_perm_p": "N/A (n_clusters < 5)"
    },
    "24h": {
      "status": "complete",
      "n_raw": 192,
      "n_deduped": 89,
      "n_baseline": 3354,
      "signal_mean": 1.166314733823377,
      "baseline_mean": 0.469019958785209,
      "signal_std": 3.6053348610681244,
      "baseline_std": 1.9111775508764781,
      "mean_diff": 0.697294775038168,
      "ci_95": [
        -0.05453554804848437,
        1.4491250981248203
      ],
      "cohens_d": 0.35346935562971227,
      "welch_t": 1.8178273968304548,
      "welch_df": 89.31711487909415,
      "welch_p": 0.0724431687057228,
      "perm_p": 0.0044995500449955,
      "bonf_alpha": 0.016666666666666666,
      "significant": false,
      "signal_win_rate": 0.7191011235955056,
      "baseline_win_rate": 0.7096004770423375,
      "token_breakdown": {
        "TROLL": {
          "n": 3,
          "mean": 0.0065124590700572265,
          "win": 0.6666666666666666
        },
        "ALON": {
          "n": 34,
          "mean": 0.0016966394416859589,
          "win": 0.47058823529411764
        },
        "ANSEM": {
          "n": 50,
          "mean": 2.072859481048709,
          "win": 0.9
        },
        "NEET": {
          "n": 2,
          "mean": 0.040907069808803986,
          "win": 0.5
        }
      },
      "convex": {
        "n_events": 89,
        "ev_per_bet": 1.166314733823377,
        "median": 0.15277777777777768,
        "p10": -0.3733960650128314,
        "p90": 0.9881422924901186,
        "p99": 17.0,
        "max_multiple": 18.349199480744264,
        "share_2x": 0.10112359550561797,
        "share_5x": 0.07865168539325842,
        "share_10x": 0.06741573033707865,
        "share_100x": 0.0,
        "loss_rate": 0.2808988764044944,
        "rug_rate": 0.0,
        "tail_capture_note": "EV per bet +116.6% with median +15.3% \u2014 most entries lose, the top outcome is 18.3x. In a convex book the tail IS the return; do not strip it."
      },
      "pseudoreplication_note": "Raw perm-p significant but 4 tokens (89 events) with 99.8% of total return from ANSEM alone. Overlapping forward windows on same token treated as independent. Effective independent units ~= number of tokens (4), not events (89).",
      "dominant_token": "ANSEM",
      "dominant_token_return_share": 0.9985,
      "effective_token_count": 4,
      "n_cluster_adjusted_perm_p": "N/A (n_clusters < 5)"
    }
  },